Firstname,Lastname,Email,Username,Phone,Age,Address
Elmer,McLaughlin,Roderick88@hotmail.com,Carley.OKon,1-506-289-3557,28,Slovakia
Percival,Nicolas,Leora_Rempel66@yahoo.com,Rosina_Aufderhar,534-773-1158,58,Solomon Islands
Delia,Beatty,Anita.Shields@gmail.com,Samir.Russel,1-420-692-1678 x251,65,Namibia
Ima,Dietrich,Aliya_Konopelski@yahoo.com,Felton97,(563) 987-4430,20,Belgium
Amara,Bogisich,Andres43@hotmail.com,Lawson.Lebsack,710.862.8737,27,Haiti
Clovis,Sanford,Olaf_Connelly@gmail.com,Velva.Wilkinson,828.738.7647,71,Lebanon
Josianne,Champlin,Lizeth68@gmail.com,Jerome_Bosco,(676) 658-1396 x66815,72,United States Minor Outlying Islands
Patricia,Gutkowski,Lelia90@yahoo.com,Watson_McLaughlin,717-611-1734 x649,52,Luxembourg
Jayson,Kulas,Braxton.Sauer40@yahoo.com,Rita73,780-635-4744 x59015,56,Guinea-Bissau
Victoria,Ortiz-McCullough,Jarvis.Brekke85@yahoo.com,Ariane.Stark55,669-203-5036 x10610,80,Slovenia
Elinor,West,Avery_Lind67@gmail.com,Charlie_Upton9,1-919-728-8159 x41416,49,Guatemala
Aaron,Quigley,Glenna.Heaney@yahoo.com,Palma96,657.853.1922 x0785,95,Malaysia
Alexander,Davis,Winston_Franey@yahoo.com,Alvah18,(844) 487-2016 x1605,33,Mauritius
Kathryne,Ortiz,Broderick.Reichert@gmail.com,Davonte74,1-367-257-0775 x2961,53,Kuwait
Nona,Hamill,Stewart_Batz48@yahoo.com,Herminio_Stokes-Grady39,552.727.5719 x826,75,Senegal
Leonel,Gerhold,Raegan.Altenwerth@yahoo.com,Natalie.Nienow,(817) 594-2740 x1135,25,Liechtenstein
Rafaela,Morar,Eleanora_Reynolds10@gmail.com,Elton_McGlynn,1-753-814-0080 x794,18,Yemen
Serena,Jerde,Anibal55@yahoo.com,Al_Predovic40,685.309.4368,28,Peru
Sherwood,Jones-Kassulke,Scarlett29@hotmail.com,Alexandrea_Nolan,(985) 892-7935,85,Jordan
Jordane,Stark,Fletcher_Walter@hotmail.com,Katelin_Medhurst,561.647.8413 x8429,51,Micronesia
